"Id","Lineage"
"PVM021","EC1"
"S163-SUPP_337","EC1"
"S143-1126","EC1"
"PHCA086","EC1"
"PHU017-FTA","EC1"
"PAN029","EC1"
"PPI078","EC1"
"PJU031","EC1"
"S246-915","EC1"
"S15-936","EC1"
"PCZ180","EC1"
"S211-919","EC1"
"PHU089","EC1"
"PCZ029-FTA","EC1"
"PJU014-FTA","EC1"
"PCZ021-FTA","EC1"
"PAN023","EC1"
"PHCA087","EC1"
"PLL014-FTA","EC1"
"PCA031-FTA","EC1"
"S278-916","EC1"
"PCZ015-FTA","EC1"
"PJU029","EC1"
"S172-808","EC1"
"PCA076","EC1"
"PAMA028-FTA","EC1"
"S94-816","EC1"
"S249-1189","EC1"
"PAN036-FTA","EC1"
"S223-937","EC1"
"PHU012-FTA","EC1"
"PPI069","EC1"
"PPA033","EC1"
"PHCA076-FTA","EC1"
"PCZ229","EC1"
"PCO012-FTA","EC1"
"S359-1179","EC1"
"PPI011-FTA","EC1"
"PAN044-FTA","EC1"
"PAN035","EC1"
"PAMA017-FTA","EC1"
"PHU022-FTA","EC1"
"PLL012-FTA","EC1"
"PHCA068-FTA","EC1"
"PAN003-FTA","EC1"
"PHU001","EC1"
"PHCA100","EC1"
"S22-BJDC_28","EC1"
"S60-692","EC1"
"S204-1005","EC1"
"PPI026-FTA","EC1"
"PCA074","EC1"
"S9-730","EC1"
"PAN033","EC1"
"PAN035-FTA","EC1"
"PAMA006-FTA","EC1"
"PHCA055-FTA","EC1"
"PPI083","EC1"
"PHCA111","EC1"
"PCO021-FTA","EC1"
"PAN039","EC1"
"PPI032-FTA","EC1"
"PPI023-FTA","EC1"
"S52-652","EC1"
"PAMA007","EC1"
"PHU030-FTA","EC1"
"PCO039-FTA","EC1"
"S355-1175","EC1"
"S53-654","EC1"
"S269-1106","EC1"
"PPI095","EC1"
"S333-1153","EC1"
"PJU027","EC1"
"PCZ182","EC1"
"PPI068","EC1"
"PLL022-FTA","EC1"
"S294-166","EC1"
"S120-865","EC1"
"S248-1008","EC1"
"S156-1193","EC1"
"S167-673","EC1"
"S329-1149","EC1"
"PJU010-FTA","EC1"
"PHCA122","EC1"
"S98-826","EC1"
"PHCA109","EC1"
"PCZ183","EC1"
"PAMA011","EC1"
"PHCA085","EC1"
"PHCA076","EC1"
"S160-1288","EC1"
"S130-767","EC1"
"PAN020-FTA","EC1"
"S100-828","EC1"
"PHU031-FTA","EC1"
"PHCA095","EC1"
"PPA002","EC1"
"PAN051-FTA","EC1"
"PAMA030-FTA","EC1"
"PAN010-FTA","EC1"
"PAN054-FTA","EC1"
"S2-SUPP_337","EC1"
"PAMA041-FTA","EC1"
"S271-1164","EC1"
"PLL067","EC1"
"PAN013-FTA","EC1"
"PJU001","EC1"
"PJU050-FTA","EC1"
"PCZ118","EC1"
"S86-792","EC1"
"S237-1161","EC1"
"S141-1106","EC1"
"PPI017-FTA","EC1"
"PJU051-FTA","EC1"
"S177-1114","EC1"
"PAMA031-FTA","EC1"
"PPI013-FTA","EC1"
"S112-848","EC1"
"PHCA024","EC1"
"PHCA115","EC1"
"PPI004-FTA","EC1"
"PJU019","EC1"
"S164-SUPP_339","EC1"
"PHU050-FTA","EC1"
"PLL003-FTA","EC1"
"PJU045-FTA","EC1"
"S224-1086","EC1"
"PCZ033-FTA","EC1"
"S268-925","EC1"
"PAN027-FTA","EC1"
"PCO020-FTA","EC1"
"S134-958","EC1"
"S16-969","EC1"
"S226-980","EC1"
"PPI033-FTA","EC1"
"PAN012-FTA","EC1"
"PHCA019-FTA","EC1"
"PAN014-FTA","EC1"
"PCO118","EC1"
"PAN037-FTA","EC1"
"PHU004-FTA","EC1"
"S217-1159","EC1"
"PHCA073-FTA","EC1"
"PCO032-FTA","EC1"
"PAN037","EC1"
"PHU005-FTA","EC1"
"PPI085","EC1"
"PJU003-FTA","EC1"
"PCZ185","EC1"
"S283-77","EC1"
"PVM028","EC1"
"PHCA022","EC1"
"PCO025-FTA","EC1"
"S262-857","EC1"
"AR19032","EU2A1"
"CL19017","EU2A1"
"AR19047","EU2A1"
"PA19027","EU2A1"
"CL19056","EU2A1"
"PA16002","EU2A1"
"AR19071","EU2A1"
"AR19046","EU2A1"
"PA16003","EU2A1"
"PA19026","EU2A1"
"PA16004","EU2A1"
"AR19088","EU2A1"
"CL19010","EU2A1"
"AR19066","EU2A1"
"CL19009","EU2A1"
"AR19069","EU2A1"
"AR19096","EU2A1"
"AR19089","EU2A1"
"AR19068","EU2A1"
"CL19007","EU2A1"
"CL19036","EU2A1"
"CL19027","EU2A1"
"AR19016","EU2A1"
"AR19041","EU2A1"
"CL19053","EU2A1"
"AR19082","EU2A1"
"PA19006","EU2A1"
"CL19006","EU2A1"
"PA19012","EU2A1"
"CL19021","EU2A1"
"CL19019","EU2A1"
"PA16001","EU2A1"
"AR19056","EU2A1"
"AR19054","EU2A1"
"AR19036","EU2A1"
"PA19028","EU2A1"
"AR19062","EU2A1"
"PA19018","EU2A1"
"CL19033","EU2A1"
"CL19031","EU2A1"
"CL19002","EU2A1"
"AR19006","EU2A1"
"AR19075","EU2A1"
"AR19070","EU2A1"
"AR19097","EU2A1"
"AR19002","EU2A1"
"AR19008","EU2A1"
"AR19004","EU2A1"
"CL19041","EU2A1"
"AR19048","EU2A1"
"AR19034","EU2A1"
"AR19093","EU2A1"
"AR19012","EU2A1"
"CL19047","EU2A1"
"CL19016","EU2A1"
"PA19025","EU2A1"
"CL19020","EU2A1"
"CL19013","EU2A1"
"CL19049","EU2A1"
"AR19059","EU2A1"
"CL19014","EU2A1"
"CL19039","EU2A1"
"AR19009","EU2A1"
"AR19079","EU2A1"
"AR19061","EU2A1"
"CL19011","EU2A1"
"CL19018","EU2A1"
"AR19057","EU2A1"
"CL19042","EU2A1"
"AR19038","EU2A1"
"AR19025","EU2A1"
"AR19085","EU2A1"
"AR19080","EU2A1"
"CL19034","EU2A1"
"CL19005","EU2A1"
"CL19043","EU2A1"
"AR19077","EU2A1"
"AR19090","EU2A1"
"CL19032","EU2A1"
"AR19094","EU2A1"
"AR19099","EU2A1"
"PA19020","EU2A1"
"AR19028","EU2A1"
"CL19029","EU2A1"
"PA19029","EU2A1"
"CL19048","EU2A1"
"CL19040","EU2A1"
"CL19028","EU2A1"
"AR19003","EU2A1"
"AR19072","EU2A1"
"CL19008","EU2A1"
"AR19015","EU2A1"
"PA19044","EU2A1"
"AR19084","EU2A1"
"CL19004","EU2A1"
"AR19052","EU2A1"
"AR19087","EU2A1"
"AR19063","EU2A1"
"AR19026","EU2A1"
"CL19052","EU2A1"
"AR19091","EU2A1"
"AR19031","EU2A1"
"CL19044","EU2A1"
"AR19064","EU2A1"
"AR19001","EU2A1"
"AR19078","EU2A1"
"PA19048","EU2A1"
"AR19039","EU2A1"
"CL19015","EU2A1"
"AR19060","EU2A1"
"AR19092","EU2A1"
"CL19038","EU2A1"
"PA19011","EU2A1"
"AR19045","EU2A1"
"AR19067","EU2A1"
"PA19030","EU2A1"
"CL19046","EU2A1"
"AR19083","EU2A1"
"CL19022","EU2A1"
"AR19073","EU2A1"
"CL19037","EU2A1"
"AR19076","EU2A1"
"PA19042","EU2A1"
"AR19065","EU2A1"
"AR19022","EU2A1"
"CL19025","EU2A1"
"AR19074","EU2A1"
"AR19023","EU2A1"
"CL19035","EU2A1"
"AR19081","EU2A1"
"AR19035","EU2A1"
"PA19047","EU2A1"
"CL19024","EU2A1"
"CL19001","EU2A1"
"AR19033","EU2A1"
"CL19030","EU2A1"
"CL19023","EU2A1"
"AR19011","EU2A1"
"AR19042","EU2A1"
"AR19013","EU2A1"
"CL19050","EU2A1"
"AR22002","EU2A1"
"PA19013","EU2A1"
"CL19003","EU2A1"
"CL19051","EU2A1"
"AR19053","EU2A1"
"PA19049","EU2A1"
"AR19095","EU2A1"
"AR19010","EU2A1"
"CL19012","EU2A1"
"AR19020","EU2A1"
"AR19040","EU2A1"
"CL19045","EU2A1"
"CL19055","EU2A1"
"EU_13_001","EU13"
"EU_13_002","EU13"
"EU_13_003","EU13"
"EU_13_004","EU13"
"EU_13_005","EU13"
"EU_13_006","EU13"
"EU_13_007","EU13"
"EU_13_008","EU13"
"EU_13_009","EU13"
"EU_13_010","EU13"
"EU_13_011","EU13"
"EU_13_012","EU13"
"EU_13_013","EU13"
"EU_13_014","EU13"
"EU_13_015","EU13"
"EU_13_016","EU13"
"EU_13_017","EU13"
"EU_13_018","EU13"
"EU_13_019","EU13"
"EU_13_020","EU13"
"EU_13_021","EU13"
"EU_13_022","EU13"
"EU_13_023","EU13"
"EU_13_025","EU13"
"EU_13_026","EU13"
"EU_13_027","EU13"
"EU_13_028","EU13"
"EU_13_029","EU13"
"EU_13_030","EU13"
"EU_13_031","EU13"
"EU_13_032","EU13"
"EU_13_033","EU13"
"EU_13_034","EU13"
"EU_13_035","EU13"
"EU_13_036","EU13"
"EU_13_037","EU13"
"EU_13_038","EU13"
"EU_13_039","EU13"
"EU_13_040","EU13"
"EU_13_041","EU13"
"EU_13_042","EU13"
"EU_13_043","EU13"
"EU_13_046","EU13"
"EU_13_047","EU13"
"EU_13_048","EU13"
"EU_13_049","EU13"
"EU_13_050","EU13"
"EU_13_051","EU13"
"EU_13_052","EU13"
"EU_13_053","EU13"
"EU_13_054","EU13"
"EU_13_055","EU13"
"EU_13_056","EU13"
"EU_13_057","EU13"
"EU_13_058","EU13"
"EU_13_059","EU13"
"EU_13_060","EU13"
"EU_13_061","EU13"
"EU_13_062","EU13"
"EU_13_063","EU13"
"EU_13_064","EU13"
"EU_13_065","EU13"
"EU_13_066","EU13"
"EU_13_067","EU13"
"EU_13_069","EU13"
"EU_13_070","EU13"
"EU_13_072","EU13"
"EU_13_074","EU13"
"EU_13_076","EU13"
"EU_13_077","EU13"
"EU_13_078","EU13"
"EU_13_079","EU13"
"EU_13_080","EU13"
"EU_13_082","EU13"
"EU_13_085","EU13"
"EU_13_086","EU13"
"EU_13_087","EU13"
"EU_13_093","EU13"
"EU_13_094","EU13"
"EU_13_095","EU13"
"EU_13_096","EU13"
"EU_13_098","EU13"
"EU_13_100","EU13"
"EU_13_102","EU13"
"EU_13_103","EU13"
"EU_13_106","EU13"
"EU_13_107","EU13"
"EU_13_108","EU13"
"EU_13_109","EU13"
"EU_13_110","EU13"
"EU_13_111","EU13"
"EU_13_112","EU13"
"EU_13_113","EU13"
"EU_13_114","EU13"
"EU_13_115","EU13"
"EU_13_116","EU13"
"EU_13_117","EU13"
"EU_13_118","EU13"
"EU_13_119","EU13"
"EU_13_121","EU13"
"EU_13_122","EU13"
"EU_13_123","EU13"
"EU_13_124","EU13"
"EU_13_126","EU13"
"EU_13_127","EU13"
"EU_13_128","EU13"
"EU_13_129","EU13"
"EU_13_130","EU13"
"EU_13_131","EU13"
"EU_13_132","EU13"
"EU_13_133","EU13"
"EU_13_134","EU13"
"EU_13_135","EU13"
"EU_13_136","EU13"
"EU_13_138","EU13"
"EU_13_139","EU13"
"EU_13_140","EU13"
"EU_13_141","EU13"
"EU_13_142","EU13"
"EU_13_145","EU13"
"EU_13_146","EU13"
"EU_13_147","EU13"
"EU_13_148","EU13"
"EU_13_149","EU13"
"EU_13_150","EU13"
"EU_13_151","EU13"
"EU_13_152","EU13"
"EU_13_153","EU13"
"EU_13_154","EU13"
"EU_13_155","EU13"
"EU_13_156","EU13"
"EU_13_157","EU13"
"EU_13_158","EU13"
"EU_13_159","EU13"
"EU_13_160","EU13"
"EU_13_161","EU13"
"EU_13_162","EU13"
"EU_13_163","EU13"
"EU_13_165","EU13"
"EU_13_166","EU13"
"EU_13_168","EU13"
"EU_13_169","EU13"
"EU_13_170","EU13"
"EU_13_171","EU13"
"EU_13_172","EU13"
"EU_13_173","EU13"
"EU_13_174","EU13"
"EU_13_175","EU13"
"EU_13_176","EU13"
"EU_13_177","EU13"
"EU_13_180","EU13"
"EU_13_181","EU13"
"EU_13_182","EU13"
"PI-13-034","EU13"
